{"cameraMode":{"drawMode":0,"name":"Shaded","section":"Shading Mode"},"sceneLighting":true,"audioPlay":false,"sceneViewState":{"m_AlwaysRefresh":false,"showFog":true,"showSkybox":true,"showFlares":true,"showImageEffects":true,"showParticleSystems":true,"showVisualEffectGraphs":true,"m_FxEnabled":true},"in2DMode":false,"pivot":{"x":288.2094421386719,"y":484.5843811035156,"z":-770.432861328125},"rotation":{"x":0.07312273234128952,"y":-0.008379979990422726,"z":-0.0006145709194242954,"w":-0.9972894787788391},"size":1.4521886110305787,"orthographic":false}